{
  "data": [
    {
      "time": "2025-02-28 00:00:00",
      "T_external": 2.6075,
      "T_air_test": 8.883748618590268,
      "T_air_ref": 8.862358014878918,
      "Qsens_test": 0.0,
      "Qsens_ref": 0.0
    }
  ]
}