{
  "data": [
    {
      "time": "2025-02-28 00:00:00",
      "T_external": 2.6075,
      "T_air_test": 9.413427879261643,
      "T_air_ref": 9.413427879261643,
      "Qsens_test": 0.0,
      "Qsens_ref": 0.0,
      "Tset": 20.0
    }
  ]
}