{
  "data": [
    {
      "time": "2025-09-28 00:00:00",
      "T_external": 15.50666666666667,
      "T_air_test": 18.49788317207691,
      "T_air_ref": 18.83993667117784,
      "Qsens_test": 0.0,
      "Qsens_ref": 0.0
    }
  ]
}