{
  "data": [
    {
      "time": "2025-09-28 00:00:00",
      "T_external": 15.506666666666668,
      "T_air_test": 21.327638801788524,
      "T_air_ref": 21.327638801788524,
      "Qsens_test": 0.0,
      "Qsens_ref": 0.0,
      "Tset": 20.0
    }
  ]
}